month,megawatt_hours
2018-01,297.1
2018-02,334.7
2018-03,356.7
2018-04,360.7
2018-05,347.0
2018-06,323.1
2018-07,301.6
2018-08,278.2
2018-09,236.1
2018-10,239.0
2018-11,274.8
2018-12,270.9
2019-01,316.2
2019-02,324.2
2019-03,387.7
2019-04,398.3
2019-05,375.0
2019-06,352.3
2019-07,328.6
2019-08,290.8
2019-09,261.4
2019-10,278.2
2019-11,263.5
2019-12,303.9
2020-01,347.9
2020-02,342.1
2020-03,381.0
2020-04,392.6
2020-05,353.2
2020-06,357.4
2020-07,337.1
2020-08,287.8
2020-09,301.5
2020-10,304.6
2020-11,311.0
2020-12,343.3
2021-01,338.8
2021-02,392.3
2021-03,402.7
2021-04,388.3
2021-05,385.8
2021-06,373.2
2021-07,323.7
2021-08,321.3
2021-09,301.3
2021-10,337.3
2021-11,307.8
2021-12,347.2
2022-01,366.0
2022-02,378.5
2022-03,397.4
2022-04,412.6
2022-05,409.3
2022-06,411.1
2022-07,383.6
2022-08,330.1
2022-09,311.5
2022-10,296.4
2022-11,314.8
2022-12,345.0
2023-01,363.7
2023-02,405.3
2023-03,416.8
2023-04,455.9
2023-05,432.2
2023-06,399.4
2023-07,400.6
2023-08,324.1
2023-09,327.7
2023-10,346.1
2023-11,350.7
2023-12,367.3
