timestamp,visitors
2024-01-01,5941
2024-01-02,5541
2024-01-03,5612
2024-01-04,5546
2024-01-05,5590
2024-01-06,4211
2024-01-07,4120
2024-01-08,5626
2024-01-09,5116
2024-01-10,5683
2024-01-11,5656
2024-01-12,5447
2024-01-13,4418
2024-01-14,4243
2024-01-15,5423
2024-01-16,5816
2024-01-17,5678
2024-01-18,6051
2024-01-19,6191
2024-01-20,4622
2024-01-21,4561
2024-01-22,6054
2024-01-23,5389
2024-01-24,5513
2024-01-25,5733
2024-01-26,5853
2024-01-27,4623
2024-01-28,4642
2024-01-29,5982
2024-01-30,5850
2024-01-31,5978
2024-02-01,5931
2024-02-02,5781
2024-02-03,4544
2024-02-04,4521
2024-02-05,6022
2024-02-06,5917
2024-02-07,6335
2024-02-08,6018
2024-02-09,6384
2024-02-10,4601
2024-02-11,4854
2024-02-12,5803
2024-02-13,6045
2024-02-14,6265
2024-02-15,6044
2024-02-16,6084
2024-02-17,5035
2024-02-18,5351
2024-02-19,6013
2024-02-20,5999
2024-02-21,6096
2024-02-22,6209
2024-02-23,6099
2024-02-24,5122
2024-02-25,5230
2024-02-26,6055
2024-02-27,6628
2024-02-28,6043
2024-02-29,6407
2024-03-01,6377
2024-03-02,5532
2024-03-03,5055
2024-03-04,6391
2024-03-05,6496
2024-03-06,6582
2024-03-07,6384
2024-03-08,6793
2024-03-09,5019
2024-03-10,5087
2024-03-11,6487
2024-03-12,6318
2024-03-13,6203
2024-03-14,6791
2024-03-15,6702
2024-03-16,4897
2024-03-17,5539
2024-03-18,6793
2024-03-19,6361
2024-03-20,6844
2024-03-21,6306
2024-03-22,6516
2024-03-23,5397
2024-03-24,5542
2024-03-25,6738
2024-03-26,6719
2024-03-27,6519
2024-03-28,7013
2024-03-29,6853
2024-03-30,5427
2024-03-31,5436
2024-04-01,7046
2024-04-02,6908
2024-04-03,6614
2024-04-04,6732
2024-04-05,7031
2024-04-06,5245
2024-04-07,5482
2024-04-08,7014
2024-04-09,6640
2024-04-10,7221
2024-04-11,6692
2024-04-12,6653
2024-04-13,5479
2024-04-14,5768
2024-04-15,6893
2024-04-16,6836
2024-04-17,7027
2024-04-18,6859
2024-04-19,7086
2024-04-20,5980
2024-04-21,5937
2024-04-22,6864
2024-04-23,7275
2024-04-24,7142
2024-04-25,7292
2024-04-26,7335
2024-04-27,5877
2024-04-28,6127
2024-04-29,7043
2024-04-30,7317
2024-05-01,6891
2024-05-02,7366
2024-05-03,7250
2024-05-04,5724
2024-05-05,6142
2024-05-06,7184
2024-05-07,7729
2024-05-08,7360
2024-05-09,7796
2024-05-10,7496
2024-05-11,5992
2024-05-12,6241
2024-05-13,7444
2024-05-14,7583
2024-05-15,7113
2024-05-16,7390
2024-05-17,7339
2024-05-18,6317
2024-05-19,6325
2024-05-20,7566
2024-05-21,7650
2024-05-22,7495
2024-05-23,7701
2024-05-24,7483
2024-05-25,6293
2024-05-26,6459
2024-05-27,7644
2024-05-28,7423
2024-05-29,8081
2024-05-30,7456
2024-05-31,7361
2024-06-01,6707
2024-06-02,6601
2024-06-03,7789
2024-06-04,7599
2024-06-05,7460
2024-06-06,7711
2024-06-07,7761
2024-06-08,6587
2024-06-09,6619
2024-06-10,8063
2024-06-11,7610
2024-06-12,7463
2024-06-13,7784
2024-06-14,7542
2024-06-15,6143
2024-06-16,7010
2024-06-17,7956
2024-06-18,7810
2024-06-19,7872
2024-06-20,8314
2024-06-21,8206
2024-06-22,6975
2024-06-23,6876
2024-06-24,7812
2024-06-25,8015
2024-06-26,7866
2024-06-27,8476
2024-06-28,7876
2024-06-29,6639
2024-06-30,6588
2024-07-01,8290
2024-07-02,7811
2024-07-03,8282
2024-07-04,8232
2024-07-05,8149
2024-07-06,7504
2024-07-07,6911
2024-07-08,8334
2024-07-09,8003
2024-07-10,8105
2024-07-11,8431
2024-07-12,8141
2024-07-13,7103
2024-07-14,7263
2024-07-15,8356
2024-07-16,8272
2024-07-17,8381
2024-07-18,7962
2024-07-19,8344
2024-07-20,7428
2024-07-21,7580
2024-07-22,8584
2024-07-23,8491
2024-07-24,8509
2024-07-25,8337
2024-07-26,8697
2024-07-27,7501
2024-07-28,7227
2024-07-29,8240
2024-07-30,8652
2024-07-31,8832
2024-08-01,8505
2024-08-02,8663
2024-08-03,7508
2024-08-04,7638
2024-08-05,8758
2024-08-06,8484
2024-08-07,8854
2024-08-08,8640
2024-08-09,8721
2024-08-10,7708
2024-08-11,7177
2024-08-12,8933
2024-08-13,8560
2024-08-14,8674
2024-08-15,9047
2024-08-16,9060
2024-08-17,7471
2024-08-18,7444
2024-08-19,8560
2024-08-20,8709
2024-08-21,9216
2024-08-22,8947
2024-08-23,8726
2024-08-24,7714
2024-08-25,7488
2024-08-26,8952
2024-08-27,9125
2024-08-28,8718
2024-08-29,9189
2024-08-30,9347
2024-08-31,8031
2024-09-01,7750
2024-09-02,9263
2024-09-03,8895
2024-09-04,8894
2024-09-05,9553
2024-09-06,8882
2024-09-07,7789
2024-09-08,7914
2024-09-09,9198
2024-09-10,9459
2024-09-11,9369
2024-09-12,9497
2024-09-13,9394
2024-09-14,8114
2024-09-15,7792
2024-09-16,9314
2024-09-17,9154
2024-09-18,9171
2024-09-19,9273
2024-09-20,9763
2024-09-21,8361
2024-09-22,8381
2024-09-23,9174
2024-09-24,9405
2024-09-25,9376
2024-09-26,9494
2024-09-27,9617
2024-09-28,8237
2024-09-29,8304
2024-09-30,9628
2024-10-01,9592
2024-10-02,9687
2024-10-03,8993
2024-10-04,9358
2024-10-05,8339
2024-10-06,8182
2024-10-07,9383
2024-10-08,9101
2024-10-09,9762
2024-10-10,9578
2024-10-11,9474
2024-10-12,8818
2024-10-13,8396
2024-10-14,9877
2024-10-15,9766
2024-10-16,9859
2024-10-17,9339
2024-10-18,9732
2024-10-19,8491
2024-10-20,8732
2024-10-21,10367
2024-10-22,10130
2024-10-23,10098
2024-10-24,9559
2024-10-25,9913
2024-10-26,8637
2024-10-27,8416
2024-10-28,9979
2024-10-29,10131
2024-10-30,10011
2024-10-31,10144
2024-11-01,10245
2024-11-02,8714
2024-11-03,9196
2024-11-04,9848
2024-11-05,9991
2024-11-06,10040
2024-11-07,9977
2024-11-08,9780
2024-11-09,9107
2024-11-10,9281
2024-11-11,10225
2024-11-12,10163
2024-11-13,10081
2024-11-14,10262
2024-11-15,10302
2024-11-16,8964
2024-11-17,8894
2024-11-18,9719
2024-11-19,10239
2024-11-20,10541
2024-11-21,10287
2024-11-22,9982
2024-11-23,8941
2024-11-24,8800
2024-11-25,9921
2024-11-26,10652
2024-11-27,10400
2024-11-28,10473
2024-11-29,9954
2024-11-30,9319
2024-12-01,9365
2024-12-02,10691
2024-12-03,10245
2024-12-04,10214
2024-12-05,10740
2024-12-06,10629
2024-12-07,9255
2024-12-08,9481
2024-12-09,10897
2024-12-10,10621
2024-12-11,10681
2024-12-12,10778
2024-12-13,10754
2024-12-14,9392
2024-12-15,9452
2024-12-16,10273
2024-12-17,10402
2024-12-18,11200
2024-12-19,10572
2024-12-20,10367
2024-12-21,9795
2024-12-22,9900
2024-12-23,10492
2024-12-24,10777
2024-12-25,10741
2024-12-26,10738
2024-12-27,10647
2024-12-28,9464
2024-12-29,9546
2024-12-30,10971
